id,label
109,0.5090792775154114
145,0.5083996057510376
15,0.5085561871528625
162,0.509227991104126
167,0.5088221430778503
200,0.5095147490501404
210,0.5093857645988464
211,0.5094972848892212
213,0.50834059715271
224,0.5087696313858032
