id,label
109,0.5061740875244141
145,0.5039498805999756
15,0.5044519901275635
162,0.5045263171195984
167,0.5042245388031006
200,0.5067999958992004
210,0.5056267380714417
211,0.505501389503479
213,0.5046218037605286
224,0.504057765007019
